"diarrhea_count","diarrhea_percentage"
271,52.8265107212476
242,47.1734892787524
