"HIV_status_count","HIV_status_percentage"
377,73.4892787524366
108,21.0526315789474
28,5.45808966861598
