"kwashiorkor_count","kwashiorkor_percentage"
344,67.056530214425
169,32.943469785575
