"age_mean","age_sd","weight_mean","weight_sd","height_mean","height_sd"
21.5263157894737,17.5248648541977,7.04109161793372,2.28938463547912,74.0203522504892,10.2197682657235
