"TB_count","TB_percentage"
501,97.6608187134503
12,2.33918128654971
