"oedema2","count","percentage"
"+",21,5.35714285714286
"++",2,0.510204081632653
"None",369,94.1326530612245
